incGE50k,id
0,2
0,5
0,7
0,16
0,23
0,26
0,35
0,36
0,38
0,42
0,45
0,47
0,55
0,64
0,71
0,80
0,90
0,92
0,98
0,101
0,102
0,105
0,106
0,112
0,120
0,121
0,125
0,126
0,130
0,133
0,138
0,139
0,140
0,142
0,163
0,170
0,171
0,173
0,175
0,176
0,178
0,185
0,189
0,191
0,192
0,194
0,200
0,204
0,206
0,207
0,208
0,218
0,224
0,226
0,229
0,234
0,242
0,244
0,246
0,247
0,253
0,257
0,261
0,264
0,266
0,274
0,279
0,281
0,283
0,286
0,287
0,289
0,294
0,295
0,309
0,312
0,319
0,320
0,324
0,327
0,333
0,334
0,335
0,336
0,343
0,351
0,352
0,353
0,355
0,364
0,369
0,371
0,372
0,377
0,381
0,383
0,389
0,392
0,397
0,399
0,405
0,406
0,409
0,412
0,418
0,419
0,422
0,433
0,436
0,440
0,443
0,444
0,456
0,460
0,462
0,464
0,465
0,468
0,472
0,481
0,482
0,483
0,484
0,486
0,489
0,491
0,496
0,503
0,504
0,505
0,506
0,509
0,516
0,517
0,518
0,520
0,522
0,523
0,528
0,534
0,536
0,544
0,546
0,551
0,558
0,560
0,562
0,567
0,575
0,576
0,584
0,585
0,587
0,588
0,595
0,607
0,609
0,612
0,613
0,614
0,616
0,618
0,619
0,622
0,629
0,630
0,633
0,636
0,638
0,642
0,647
0,648
0,653
0,654
0,660
0,669
0,692
0,698
0,709
0,714
0,723
0,741
0,742
0,747
0,750
0,769
0,770
0,775
0,777
0,778
0,794
0,802
0,803
0,804
0,806
0,807
0,809
0,811
0,816
0,819
0,821
0,822
0,825
0,827
0,833
0,837
0,846
0,847
0,850
0,858
0,865
0,866
0,874
0,876
0,878
0,882
0,886
0,888
0,893
0,896
0,900
0,903
0,907
0,927
0,928
0,930
0,937
0,939
0,947
0,948
0,951
0,954
0,956
0,959
0,968
0,973
0,982
0,983
0,986
0,991
0,1001
0,1007
0,1010
0,1011
0,1015
0,1017
0,1020
0,1025
0,1026
0,1027
0,1029
0,1033
0,1035
0,1036
0,1041
0,1045
0,1047
0,1054
0,1056
0,1060
0,1065
0,1069
0,1075
0,1080
0,1086
0,1090
0,1091
0,1094
0,1095
0,1097
0,1098
0,1104
0,1106
0,1112
0,1113
0,1121
0,1122
0,1125
0,1128
0,1130
0,1132
0,1139
0,1141
0,1149
0,1163
0,1168
0,1177
0,1196
0,1198
0,1200
0,1206
0,1208
0,1211
0,1216
0,1221
0,1222
0,1236
0,1241
0,1242
0,1243
0,1245
0,1246
0,1250
0,1252
0,1256
0,1265
0,1267
0,1268
0,1271
0,1277
0,1279
0,1280
0,1281
0,1282
0,1288
0,1292
0,1295
0,1310
0,1311
0,1315
0,1316
0,1319
0,1322
0,1323
0,1327
0,1329
0,1333
0,1336
0,1339
0,1340
0,1347
0,1350
0,1352
0,1354
0,1360
0,1365
0,1373
0,1376
0,1385
0,1391
0,1394
0,1401
0,1404
0,1405
0,1408
0,1413
0,1416
0,1419
0,1422
0,1427
0,1429
0,1443
0,1447
0,1452
0,1463
0,1468
0,1469
0,1470
0,1476
0,1478
0,1482
0,1485
0,1488
0,1490
0,1492
0,1495
0,1496
0,1506
0,1521
0,1527
0,1531
0,1534
0,1537
0,1539
0,1542
0,1547
0,1549
0,1553
0,1559
0,1562
0,1563
0,1567
0,1568
0,1569
0,1572
0,1573
0,1579
0,1587
0,1588
0,1594
0,1596
0,1597
0,1606
0,1609
0,1612
0,1617
0,1623
0,1624
0,1626
0,1628
0,1632
0,1635
0,1640
0,1643
0,1645
0,1646
0,1647
0,1649
0,1657
0,1664
0,1669
0,1670
0,1673
0,1675
0,1676
0,1684
0,1685
0,1690
0,1696
0,1711
0,1712
0,1713
0,1715
0,1722
0,1726
0,1727
0,1729
0,1733
0,1739
0,1743
0,1747
0,1749
0,1750
0,1751
0,1759
0,1762
0,1771
0,1772
0,1778
0,1781
0,1782
0,1784
0,1810
0,1814
0,1815
0,1817
0,1818
0,1824
0,1828
0,1832
0,1843
0,1844
0,1849
0,1850
0,1854
0,1873
0,1876
0,1877
0,1886
0,1890
0,1894
0,1895
0,1896
0,1899
0,1902
0,1907
0,1908
0,1913
0,1914
0,1934
0,1936
0,1943
0,1945
0,1954
0,1956
0,1957
0,1961
0,1966
0,1967
0,1973
0,1977
0,1983
0,1984
0,1985
0,1986
0,1988
0,1993
0,1995
0,1997
0,2008
0,2013
0,2021
0,2023
0,2025
0,2027
0,2028
0,2031
0,2034
0,2037
0,2041
0,2052
0,2053
0,2055
0,2056
0,2065
0,2073
0,2074
0,2075
0,2078
0,2081
0,2082
0,2083
0,2085
0,2095
0,2099
0,2102
0,2106
0,2107
0,2109
0,2112
0,2117
0,2118
0,2134
0,2138
0,2139
0,2142
0,2143
0,2145
0,2153
0,2156
0,2162
0,2163
0,2165
0,2166
0,2167
0,2170
0,2175
0,2182
0,2183
0,2184
0,2194
0,2203
0,2204
0,2209
0,2210
0,2220
0,2222
0,2224
0,2226
0,2229
0,2233
0,2234
0,2240
0,2248
0,2250
0,2253
0,2254
0,2261
0,2272
0,2273
0,2274
0,2279
0,2281
0,2286
0,2288
0,2289
0,2292
0,2294
0,2295
0,2298
0,2299
0,2303
0,2308
0,2317
0,2319
0,2323
0,2325
0,2326
0,2328
0,2341
0,2354
0,2357
0,2359
0,2360
0,2364
0,2366
0,2372
0,2373
0,2377
0,2378
0,2383
0,2384
0,2388
0,2390
0,2392
0,2394
0,2403
0,2407
0,2410
0,2420
0,2422
0,2423
0,2444
0,2447
0,2448
0,2450
0,2457
0,2462
0,2463
0,2468
0,2469
0,2470
0,2484
0,2485
0,2486
0,2487
0,2498
0,2499
0,2502
0,2505
0,2509
0,2524
0,2528
0,2536
0,2539
0,2547
0,2549
0,2550
0,2551
0,2552
0,2556
0,2561
0,2567
0,2568
0,2583
0,2588
0,2595
0,2607
0,2616
0,2617
0,2621
0,2622
0,2623
0,2624
0,2626
0,2628
0,2630
0,2631
0,2632
0,2633
0,2635
0,2636
0,2638
0,2644
0,2663
0,2667
0,2682
0,2686
0,2687
0,2689
0,2691
0,2707
0,2708
0,2713
0,2714
0,2717
0,2720
0,2722
0,2725
0,2731
0,2732
0,2733
0,2738
0,2740
0,2748
0,2756
0,2760
0,2763
0,2766
0,2768
0,2769
0,2771
0,2773
0,2780
0,2783
0,2784
0,2787
0,2792
0,2799
0,2801
0,2805
0,2808
0,2813
0,2816
0,2818
0,2827
0,2828
0,2831
0,2838
0,2840
0,2847
0,2849
0,2851
0,2853
0,2865
0,2868
0,2874
0,2881
0,2885
0,2889
0,2897
0,2900
0,2915
0,2919
0,2921
0,2926
0,2927
0,2936
0,2937
0,2939
0,2945
0,2950
0,2951
0,2952
0,2965
0,2969
0,2971
0,2974
0,2975
0,2979
0,2981
0,2984
0,2985
0,2987
0,2990
0,2993
0,2994
0,2996
0,2997
0,2998
0,3000
0,3002
0,3003
0,3006
0,3020
0,3026
0,3029
0,3030
0,3037
0,3048
0,3053
0,3055
0,3057
0,3066
0,3067
0,3068
0,3069
0,3070
0,3076
0,3077
0,3082
0,3083
0,3087
0,3090
0,3092
0,3096
0,3097
0,3099
0,3100
0,3107
0,3109
0,3117
0,3119
0,3122
0,3123
0,3125
0,3131
0,3135
0,3138
0,3141
0,3146
0,3149
0,3151
0,3153
0,3156
0,3157
0,3169
0,3170
0,3174
0,3179
0,3183
0,3189
0,3190
0,3193
0,3194
0,3196
0,3202
0,3203
0,3205
0,3206
0,3208
0,3209
0,3210
0,3212
0,3216
0,3217
0,3220
0,3227
0,3229
0,3231
0,3232
0,3233
0,3234
0,3237
0,3239
0,3244
0,3245
0,3247
0,3249
0,3256
0,3262
0,3267
0,3277
0,3282
0,3286
0,3288
0,3290
0,3300
0,3303
0,3310
0,3314
0,3329
0,3337
0,3340
0,3342
0,3350
0,3354
0,3359
0,3362
0,3366
0,3368
0,3371
0,3376
0,3384
0,3392
0,3395
0,3398
0,3399
0,3401
0,3426
0,3431
0,3433
0,3441
0,3442
0,3447
0,3454
0,3457
0,3460
0,3467
0,3474
0,3475
0,3479
0,3480
0,3482
0,3483
0,3485
0,3492
0,3494
0,3495
0,3500
0,3504
0,3507
0,3514
0,3515
0,3524
0,3527
0,3532
0,3537
0,3541
0,3543
0,3545
0,3548
0,3549
0,3554
0,3555
0,3556
0,3557
0,3564
0,3567
0,3573
0,3579
0,3581
0,3583
0,3588
0,3589
0,3596
0,3599
0,3603
0,3606
0,3612
0,3613
0,3615
0,3616
0,3623
0,3624
0,3629
0,3631
0,3635
0,3650
0,3651
0,3654
0,3655
0,3656
0,3658
0,3664
0,3672
0,3675
0,3676
0,3679
0,3680
0,3694
0,3695
0,3698
0,3700
0,3701
0,3702
0,3703
0,3706
0,3710
0,3714
0,3717
0,3718
0,3730
0,3740
0,3743
0,3748
0,3753
0,3754
0,3758
0,3763
0,3766
0,3772
0,3779
0,3784
0,3785
0,3799
0,3803
0,3812
0,3815
0,3818
0,3819
0,3830
0,3832
0,3835
0,3838
0,3839
0,3850
0,3853
0,3861
0,3864
0,3865
0,3867
0,3869
0,3876
0,3878
0,3883
0,3887
0,3892
0,3896
0,3898
0,3900
0,3901
0,3902
0,3904
0,3907
0,3911
0,3914
0,3915
0,3920
0,3923
0,3924
0,3925
0,3927
0,3932
0,3937
0,3942
0,3943
0,3944
0,3946
0,3948
0,3952
0,3954
0,3965
0,3967
0,3968
0,3972
0,3974
0,3976
0,3977
0,3978
0,3990
0,3995
0,3998
0,4001
0,4002
0,4009
0,4019
0,4020
0,4021
0,4026
0,4028
0,4030
0,4031
0,4033
0,4036
0,4038
0,4047
0,4053
0,4055
0,4062
0,4065
0,4066
0,4068
0,4072
0,4084
0,4085
0,4086
0,4090
0,4091
0,4095
0,4096
0,4106
0,4115
0,4117
0,4118
0,4129
0,4130
0,4134
0,4142
0,4145
0,4148
0,4154
0,4156
0,4157
0,4160
0,4165
0,4170
0,4172
0,4173
0,4187
0,4188
0,4195
0,4196
0,4197
0,4198
0,4214
0,4218
0,4224
0,4226
0,4229
0,4230
0,4247
0,4250
0,4252
0,4253
0,4257
0,4260
0,4263
0,4265
0,4267
0,4268
0,4277
0,4278
0,4281
0,4282
0,4283
0,4284
0,4285
0,4300
0,4303
0,4304
0,4310
0,4312
0,4314
0,4319
0,4326
0,4328
0,4332
0,4343
0,4347
0,4353
0,4356
0,4358
0,4362
0,4366
0,4369
0,4370
0,4376
0,4378
0,4390
0,4399
0,4400
0,4401
0,4409
0,4410
0,4416
0,4420
0,4424
0,4427
0,4431
0,4434
0,4436
0,4437
0,4444
0,4446
0,4447
0,4450
0,4454
0,4458
0,4462
0,4463
0,4465
0,4470
0,4472
0,4474
0,4477
0,4482
0,4483
0,4491
0,4497
0,4502
0,4506
0,4518
0,4520
0,4522
0,4529
0,4534
0,4535
0,4539
0,4548
0,4549
0,4550
0,4555
0,4564
0,4567
0,4570
0,4572
0,4573
0,4575
0,4579
0,4584
0,4586
0,4588
0,4591
0,4603
0,4604
0,4610
0,4611
0,4622
0,4629
0,4634
0,4638
0,4640
0,4641
0,4645
0,4647
0,4652
0,4653
0,4661
0,4665
0,4668
0,4671
0,4673
0,4674
0,4676
0,4677
0,4681
0,4682
0,4687
0,4688
0,4692
0,4697
0,4698
0,4705
0,4706
0,4713
0,4714
0,4716
0,4718
0,4723
0,4726
0,4727
0,4729
0,4733
0,4741
0,4745
0,4753
0,4755
0,4757
0,4758
0,4760
0,4762
0,4764
0,4765
0,4772
0,4773
0,4774
0,4781
0,4782
0,4784
0,4787
0,4790
0,4791
0,4796
0,4803
0,4805
0,4807
0,4808
0,4810
0,4813
0,4815
0,4816
0,4818
0,4819
0,4826
0,4831
0,4832
0,4833
0,4835
0,4854
0,4863
0,4865
0,4867
0,4875
0,4877
0,4878
0,4879
0,4884
0,4885
0,4891
0,4893
0,4899
0,4908
0,4912
0,4914
0,4917
0,4922
0,4929
0,4939
0,4941
0,4947
0,4952
0,4953
0,4956
0,4964
0,4967
0,4969
0,4972
0,4974
0,4978
0,4981
0,4982
0,4983
0,4986
0,4989
0,4992
0,4993
0,4996
0,4998
0,5001
0,5002
0,5003
0,5004
0,5006
0,5023
0,5024
0,5025
0,5029
0,5035
0,5044
0,5046
0,5051
0,5052
0,5053
0,5056
0,5061
0,5077
0,5079
0,5080
0,5084
0,5092
0,5095
0,5100
0,5103
0,5105
0,5113
0,5116
0,5117
0,5118
0,5123
0,5128
0,5142
0,5143
0,5145
0,5154
0,5164
0,5167
0,5169
0,5170
0,5172
0,5175
0,5176
0,5180
0,5186
0,5187
0,5191
0,5194
0,5200
0,5203
0,5206
0,5217
0,5226
0,5232
0,5235
0,5241
0,5244
0,5246
0,5247
0,5254
0,5258
0,5262
0,5266
0,5272
0,5274
0,5275
0,5276
0,5280
0,5281
0,5282
0,5283
0,5286
0,5288
0,5289
0,5290
0,5295
0,5297
0,5308
0,5309
0,5312
0,5313
0,5317
0,5318
0,5320
0,5321
0,5322
0,5323
0,5324
0,5327
0,5330
0,5334
0,5337
0,5338
0,5342
0,5354
0,5362
0,5364
0,5373
0,5377
0,5387
0,5389
0,5390
0,5392
0,5394
0,5398
0,5401
0,5402
0,5405
0,5406
0,5415
0,5417
0,5418
0,5421
0,5426
0,5431
0,5434
0,5436
0,5441
0,5449
0,5455
0,5457
0,5459
0,5460
0,5461
0,5462
0,5467
0,5468
0,5471
0,5473
0,5478
0,5480
0,5481
0,5491
0,5493
0,5497
0,5506
0,5510
0,5512
0,5516
0,5518
0,5523
0,5525
0,5526
0,5527
0,5535
0,5545
0,5548
0,5550
0,5552
0,5553
0,5556
0,5558
0,5559
0,5561
0,5562
0,5566
0,5567
0,5573
0,5574
0,5576
0,5591
0,5592
0,5595
0,5596
0,5600
0,5601
0,5602
0,5604
0,5608
0,5610
0,5620
0,5622
0,5627
0,5639
0,5640
0,5644
0,5651
0,5658
0,5660
0,5663
0,5664
0,5666
0,5668
0,5670
0,5673
0,5679
0,5680
0,5688
0,5695
0,5716
0,5718
0,5719
0,5720
0,5721
0,5722
0,5725
0,5726
0,5727
0,5730
0,5732
0,5738
0,5743
0,5744
0,5751
0,5754
0,5756
0,5769
0,5775
0,5779
0,5782
0,5786
0,5787
0,5790
0,5791
0,5798
0,5800
0,5814
0,5816
0,5821
0,5827
0,5829
0,5838
0,5843
0,5845
0,5849
0,5853
0,5858
0,5863
0,5865
0,5867
0,5868
0,5873
0,5876
0,5877
0,5878
0,5894
0,5898
0,5899
0,5900
0,5903
0,5908
0,5909
0,5914
0,5918
0,5919
0,5922
0,5924
0,5927
0,5929
0,5930
0,5937
0,5945
0,5953
0,5955
0,5956
0,5958
0,5963
0,5966
0,5969
0,5976
0,5979
0,5983
0,5988
0,6000
0,6005
0,6007
0,6011
0,6015
0,6018
0,6020
0,6023
0,6025
0,6027
0,6028
0,6029
0,6033
0,6056
0,6057
0,6058
0,6059
0,6064
0,6074
0,6086
0,6088
0,6089
0,6094
0,6095
0,6100
0,6101
0,6103
0,6104
0,6105
0,6111
0,6115
0,6118
0,6120
0,6125
0,6132
0,6135
0,6138
0,6140
0,6141
0,6143
0,6151
0,6152
0,6157
0,6161
0,6185
0,6188
0,6193
0,6195
0,6197
0,6198
0,6203
0,6204
0,6220
0,6222
0,6229
0,6231
0,6242
0,6243
0,6250
0,6259
0,6263
0,6270
0,6271
0,6274
0,6275
0,6276
0,6283
0,6286
0,6294
0,6295
0,6296
0,6298
0,6299
0,6300
0,6302
0,6305
0,6309
0,6310
0,6311
0,6312
0,6314
0,6323
0,6325
0,6326
0,6329
0,6342
0,6343
0,6345
0,6346
0,6353
0,6356
0,6357
0,6363
0,6367
0,6368
0,6373
0,6375
0,6378
0,6401
0,6402
0,6409
0,6419
0,6421
0,6425
0,6429
0,6430
0,6434
0,6437
0,6441
0,6445
0,6449
0,6452
0,6453
0,6457
0,6460
0,6467
0,6474
0,6479
0,6480
0,6486
0,6490
0,6491
0,6495
0,6496
0,6498
0,6508
0,6510
0,6514
0,6516
0,6518
0,6521
0,6522
0,6525
0,6530
0,6537
0,6538
0,6541
0,6558
0,6562
0,6569
0,6574
0,6577
0,6594
0,6600
0,6601
0,6605
0,6607
0,6610
0,6613
0,6616
0,6618
0,6622
0,6624
0,6627
0,6628
0,6635
0,6637
0,6638
0,6639
0,6642
0,6645
0,6647
0,6651
0,6653
0,6656
0,6658
0,6659
0,6664
0,6676
0,6679
0,6682
0,6683
0,6685
0,6686
0,6689
0,6690
0,6691
0,6695
0,6696
0,6700
0,6712
0,6713
0,6716
0,6717
0,6718
0,6720
0,6721
0,6729
0,6730
0,6731
0,6734
0,6735
0,6737
0,6743
0,6746
0,6754
0,6758
0,6760
0,6774
0,6775
0,6780
0,6783
0,6790
0,6803
0,6810
0,6811
0,6814
0,6821
0,6823
0,6830
0,6832
0,6834
0,6838
0,6840
0,6846
0,6847
0,6849
0,6856
0,6858
0,6864
0,6866
0,6874
0,6881
0,6883
0,6887
0,6891
0,6893
0,6898
0,6899
0,6900
0,6903
0,6906
0,6907
0,6908
0,6912
0,6919
0,6921
0,6923
0,6926
0,6937
0,6940
0,6941
0,6943
0,6951
0,6966
0,6972
0,6992
0,6995
0,6999
0,7001
0,7002
0,7005
0,7018
0,7020
0,7023
0,7024
0,7026
0,7035
0,7043
0,7044
0,7050
0,7051
0,7057
0,7059
0,7062
0,7064
0,7066
0,7072
0,7076
0,7086
0,7089
0,7092
0,7095
0,7097
0,7101
0,7104
0,7107
0,7112
0,7118
0,7123
0,7141
0,7145
0,7147
0,7150
0,7151
0,7152
0,7155
0,7160
0,7164
0,7165
0,7168
0,7177
0,7189
0,7196
0,7198
0,7200
0,7203
0,7204
0,7205
0,7206
0,7207
0,7209
0,7210
0,7212
0,7216
0,7218
0,7224
0,7231
0,7233
0,7247
0,7249
0,7250
0,7256
0,7258
0,7259
0,7268
0,7279
0,7287
0,7289
0,7291
0,7292
0,7295
0,7298
0,7302
0,7306
0,7315
0,7318
0,7319
0,7336
0,7338
0,7344
0,7346
0,7348
0,7353
0,7355
0,7357
0,7359
0,7362
0,7365
0,7373
0,7374
0,7376
0,7385
0,7392
0,7393
0,7394
0,7396
0,7397
0,7399
0,7401
0,7409
0,7415
0,7416
0,7417
0,7418
0,7420
0,7422
0,7423
0,7431
0,7434
0,7435
0,7439
0,7456
0,7457
0,7458
0,7462
0,7467
0,7470
0,7471
0,7492
0,7493
0,7504
0,7506
0,7508
0,7510
0,7512
0,7513
0,7514
0,7529
0,7530
0,7532
0,7535
0,7536
0,7542
0,7545
0,7546
0,7550
0,7560
0,7579
0,7580
0,7581
0,7593
0,7596
0,7599
0,7605
0,7608
0,7610
0,7615
0,7624
0,7628
0,7633
0,7636
0,7637
0,7642
0,7648
0,7649
0,7651
0,7655
0,7656
0,7658
0,7659
0,7660
0,7661
0,7662
0,7669
0,7670
0,7679
0,7680
0,7683
0,7686
0,7692
0,7693
0,7697
0,7698
0,7700
0,7706
0,7709
0,7710
0,7715
0,7716
0,7726
0,7728
0,7731
0,7733
0,7734
0,7735
0,7737
0,7742
0,7743
0,7744
0,7747
0,7749
0,7750
0,7757
0,7760
0,7765
0,7767
0,7788
0,7796
0,7802
0,7816
0,7820
0,7826
0,7827
0,7829
0,7831
0,7835
0,7841
0,7846
0,7850
0,7857
0,7861
0,7862
0,7863
0,7874
0,7878
0,7883
0,7884
0,7890
0,7892
0,7897
0,7901
0,7909
0,7915
0,7916
0,7917
0,7927
0,7931
0,7932
0,7934
0,7952
0,7957
0,7963
0,7966
0,7968
0,7981
0,7987
0,7989
0,7992
0,7994
0,7996
0,8000
0,8001
0,8008
0,8009
0,8012
0,8014
0,8022
0,8027
0,8032
0,8038
0,8040
0,8042
0,8044
0,8048
0,8049
0,8051
0,8052
0,8055
0,8056
0,8059
0,8063
0,8065
0,8069
0,8071
0,8072
0,8074
0,8075
0,8077
0,8079
0,8087
0,8094
0,8095
0,8101
0,8110
0,8111
0,8114
0,8115
0,8118
0,8126
0,8127
0,8132
0,8137
0,8142
0,8143
0,8146
0,8154
0,8155
0,8159
0,8164
0,8173
0,8176
0,8178
0,8183
0,8188
0,8191
0,8192
0,8199
0,8203
0,8204
0,8206
0,8209
0,8212
0,8214
0,8217
0,8218
0,8222
0,8227
0,8228
0,8230
0,8232
0,8234
0,8238
0,8242
0,8246
0,8247
0,8249
0,8254
0,8255
0,8257
0,8262
0,8271
0,8279
0,8283
0,8284
0,8285
0,8287
0,8289
0,8295
0,8298
0,8299
0,8301
0,8309
0,8310
0,8311
0,8313
0,8317
0,8319
0,8325
0,8326
0,8332
0,8338
0,8346
0,8350
0,8352
0,8353
0,8354
0,8355
0,8356
0,8360
0,8366
0,8368
0,8370
0,8372
0,8375
0,8377
0,8379
0,8382
0,8384
0,8404
0,8411
0,8417
0,8421
0,8425
0,8427
0,8430
0,8434
0,8437
0,8442
0,8444
0,8446
0,8453
0,8455
0,8457
0,8458
0,8463
0,8465
0,8469
0,8476
0,8483
0,8487
0,8500
0,8501
0,8502
0,8507
0,8513
0,8514
0,8519
0,8524
0,8528
0,8533
0,8535
0,8539
0,8545
0,8546
0,8550
0,8552
0,8553
0,8555
0,8557
0,8559
0,8560
0,8571
0,8583
0,8587
0,8589
0,8590
0,8592
0,8593
0,8595
0,8598
0,8601
0,8610
0,8615
0,8618
0,8620
0,8628
0,8629
0,8634
0,8641
0,8643
0,8648
0,8653
0,8661
0,8672
0,8675
0,8676
0,8677
0,8679
0,8680
0,8682
0,8684
0,8685
0,8686
0,8687
0,8688
0,8692
0,8694
0,8699
0,8700
0,8706
0,8707
0,8712
0,8713
0,8715
0,8716
0,8717
0,8720
0,8727
0,8733
0,8736
0,8737
0,8742
0,8749
0,8751
0,8754
0,8757
0,8761
0,8765
0,8766
0,8767
0,8768
0,8771
0,8775
0,8777
0,8781
0,8782
0,8785
0,8792
0,8793
0,8795
0,8796
0,8798
0,8800
0,8805
0,8809
0,8811
0,8822
0,8823
0,8833
0,8838
0,8840
0,8844
0,8846
0,8850
0,8852
0,8858
0,8863
0,8864
0,8866
0,8869
0,8879
0,8886
0,8887
0,8890
0,8891
0,8900
0,8905
0,8909
0,8911
0,8913
0,8919
0,8922
0,8923
0,8928
0,8931
0,8932
0,8936
0,8938
0,8941
0,8942
0,8949
0,8950
0,8954
0,8960
0,8962
0,8964
0,8980
0,8990
0,8994
0,8999
0,9000
0,9001
0,9003
0,9006
0,9009
0,9010
0,9012
0,9019
0,9022
0,9027
0,9029
0,9046
0,9049
0,9050
0,9054
0,9059
0,9061
0,9063
0,9067
0,9068
0,9076
0,9078
0,9081
0,9084
0,9086
0,9092
0,9106
0,9112
0,9113
0,9119
0,9123
0,9125
0,9126
0,9130
0,9142
0,9143
0,9144
0,9145
0,9151
0,9158
0,9159
0,9161
0,9170
0,9172
0,9173
0,9175
0,9180
0,9182
0,9187
0,9188
0,9190
0,9194
0,9195
0,9198
0,9208
0,9214
0,9216
0,9218
0,9220
0,9224
0,9227
0,9234
0,9238
0,9241
0,9242
0,9243
0,9244
0,9246
0,9250
0,9253
0,9256
0,9260
0,9264
0,9266
0,9275
0,9280
0,9283
0,9287
0,9288
0,9292
0,9300
0,9305
0,9308
0,9310
0,9317
0,9323
0,9340
0,9345
0,9352
0,9369
0,9372
0,9375
0,9377
0,9378
0,9380
0,9385
0,9387
0,9388
0,9391
0,9393
0,9394
0,9396
0,9399
0,9400
0,9403
0,9407
0,9410
0,9415
0,9416
0,9417
0,9421
0,9424
0,9425
0,9426
0,9434
0,9437
0,9441
0,9442
0,9443
0,9446
0,9452
0,9460
0,9462
0,9463
0,9466
0,9470
0,9477
0,9483
0,9488
0,9490
0,9491
0,9494
0,9497
0,9513
0,9514
0,9518
0,9526
0,9530
0,9534
0,9535
0,9542
0,9546
0,9549
0,9554
0,9556
0,9557
0,9559
0,9560
0,9566
0,9567
0,9569
0,9579
0,9582
0,9585
0,9593
0,9598
0,9611
0,9612
0,9622
0,9629
0,9653
0,9655
0,9660
0,9663
0,9667
0,9683
0,9686
0,9689
0,9691
0,9694
0,9696
0,9698
0,9700
0,9710
0,9713
0,9719
0,9725
0,9728
0,9730
0,9736
0,9741
0,9743
0,9747
0,9750
0,9752
0,9753
0,9761
0,9762
0,9763
0,9764
0,9765
0,9767
0,9768
0,9769
0,9773
0,9776
0,9781
0,9783
0,9791
0,9796
0,9803
0,9807
0,9811
0,9821
0,9827
0,9830
0,9832
0,9843
0,9851
0,9853
0,9856
0,9861
0,9864
0,9866
0,9868
0,9871
0,9873
0,9874
0,9875
0,9877
0,9879
0,9880
0,9891
0,9898
0,9902
0,9909
0,9910
0,9916
0,9917
0,9919
0,9920
0,9922
0,9924
0,9925
0,9928
0,9940
0,9945
0,9947
0,9948
0,9951
0,9960
0,9988
0,9990
0,9999
0,10001
0,10012
0,10013
0,10015
0,10017
0,10024
0,10025
0,10027
0,10029
0,10033
0,10034
0,10035
0,10040
0,10041
0,10044
0,10046
0,10048
0,10056
0,10058
0,10064
0,10065
0,10068
0,10069
0,10077
0,10081
0,10082
0,10089
0,10092
0,10094
0,10098
0,10100
0,10102
0,10108
0,10115
0,10117
0,10123
0,10127
0,10128
0,10136
0,10142
0,10143
0,10144
0,10147
0,10150
0,10154
0,10155
0,10160
0,10172
0,10181
0,10186
0,10190
0,10199
0,10201
0,10202
0,10206
0,10208
0,10209
0,10210
0,10237
0,10243
0,10244
0,10245
0,10247
0,10248
0,10252
0,10254
0,10259
0,10264
0,10265
0,10272
0,10279
0,10283
0,10290
0,10292
0,10293
0,10302
0,10304
0,10305
0,10308
0,10310
0,10315
0,10322
0,10328
0,10333
0,10338
0,10342
0,10367
0,10370
0,10372
0,10376
0,10392
0,10398
0,10399
0,10406
0,10407
0,10410
0,10411
0,10414
0,10415
0,10416
0,10420
0,10429
0,10434
0,10435
0,10437
0,10446
0,10451
0,10455
0,10457
0,10463
0,10464
0,10468
0,10470
0,10473
0,10483
0,10490
0,10491
0,10492
0,10494
0,10508
0,10514
0,10515
0,10521
0,10522
0,10523
0,10526
0,10530
0,10534
0,10544
0,10550
0,10551
0,10553
0,10561
0,10562
0,10563
0,10565
0,10571
0,10577
0,10593
0,10602
0,10609
0,10610
0,10613
0,10616
0,10617
0,10623
0,10637
0,10639
0,10641
0,10645
0,10653
0,10654
0,10659
0,10663
0,10665
0,10666
0,10668
0,10675
0,10681
0,10687
0,10689
0,10690
0,10694
0,10695
0,10698
0,10702
0,10707
0,10710
0,10714
0,10717
0,10719
0,10722
0,10725
0,10726
0,10727
0,10731
0,10734
0,10740
0,10741
0,10746
0,10748
0,10749
0,10753
0,10754
0,10757
0,10765
0,10766
0,10772
0,10778
0,10783
0,10786
0,10792
0,10798
0,10811
0,10813
0,10817
0,10819
0,10826
0,10827
0,10828
0,10836
0,10837
0,10838
0,10847
0,10869
0,10871
0,10874
0,10878
0,10883
0,10887
0,10891
0,10893
0,10899
0,10908
0,10909
0,10914
0,10916
0,10924
0,10925
0,10926
0,10929
0,10932
0,10934
0,10936
0,10938
0,10939
0,10941
0,10942
0,10943
0,10947
0,10948
0,10949
0,10953
0,10954
0,10958
0,10962
0,10965
0,10966
0,10969
0,10971
0,10981
0,10982
0,10986
0,10987
0,10993
0,11001
0,11006
0,11009
0,11011
0,11012
0,11014
0,11020
0,11021
0,11025
0,11036
0,11037
0,11047
0,11048
0,11054
0,11056
0,11058
0,11059
0,11060
0,11064
0,11069
0,11072
0,11079
0,11087
0,11093
0,11095
0,11097
0,11101
0,11104
0,11105
0,11107
0,11108
0,11110
0,11117
0,11119
0,11126
0,11127
0,11133
0,11134
0,11141
0,11144
0,11149
0,11150
0,11151
0,11153
0,11154
0,11157
0,11160
0,11171
0,11181
0,11183
0,11184
0,11192
0,11195
0,11197
0,11201
0,11207
0,11211
0,11213
0,11214
0,11218
0,11220
0,11224
0,11230
0,11233
0,11246
0,11250
0,11252
0,11254
0,11255
0,11256
0,11261
0,11262
0,11265
0,11268
0,11274
0,11275
0,11276
0,11277
0,11278
0,11285
0,11287
0,11293
0,11294
0,11302
0,11303
0,11305
0,11306
0,11320
0,11322
0,11325
0,11329
0,11332
0,11334
0,11335
0,11337
0,11342
0,11344
0,11345
0,11349
0,11350
0,11357
0,11359
0,11361
0,11363
0,11364
0,11365
0,11366
0,11368
0,11380
0,11383
0,11385
0,11386
0,11387
0,11390
0,11391
0,11393
0,11404
0,11408
0,11409
0,11410
0,11411
0,11412
0,11414
0,11423
0,11427
0,11428
0,11433
0,11436
0,11438
0,11444
0,11449
0,11450
0,11458
0,11463
0,11464
0,11466
0,11467
0,11470
0,11473
0,11490
0,11495
0,11507
0,11511
0,11512
0,11519
0,11520
0,11529
0,11530
0,11531
0,11538
0,11540
0,11552
0,11553
0,11567
0,11569
0,11573
0,11578
0,11581
0,11585
0,11596
0,11606
0,11610
0,11613
0,11615
0,11626
0,11629
0,11630
0,11632
0,11635
0,11641
0,11645
0,11646
0,11649
0,11653
0,11661
0,11664
0,11665
0,11670
0,11682
0,11690
0,11694
0,11695
0,11698
0,11701
0,11706
0,11712
0,11714
0,11720
0,11723
0,11724
0,11735
0,11736
0,11739
0,11741
0,11744
0,11747
0,11748
0,11753
0,11755
0,11758
0,11760
0,11762
0,11766
0,11776
0,11780
0,11785
0,11788
0,11791
0,11795
0,11796
0,11807
0,11816
0,11823
0,11825
0,11827
0,11837
0,11838
0,11844
0,11848
0,11849
0,11851
0,11863
0,11864
0,11866
0,11871
0,11874
0,11881
0,11884
0,11885
0,11886
0,11889
0,11896
0,11898
0,11900
0,11902
0,11903
0,11907
0,11908
0,11910
0,11913
0,11922
0,11927
0,11934
0,11935
0,11941
0,11942
0,11947
0,11948
0,11950
0,11951
0,11952
0,11954
0,11957
0,11967
0,11968
0,11972
0,11978
0,11981
0,11985
0,11996
0,11998
0,12032
0,12036
0,12041
0,12042
0,12050
0,12054
0,12055
0,12057
0,12059
0,12063
0,12069
0,12070
0,12084
0,12088
0,12091
0,12092
0,12097
0,12108
0,12110
0,12113
0,12120
0,12124
0,12129
0,12133
0,12136
0,12137
0,12138
0,12142
0,12146
0,12149
0,12160
0,12167
0,12176
0,12180
0,12182
0,12183
0,12185
0,12188
0,12193
0,12194
0,12197
0,12199
0,12202
0,12204
0,12208
0,12209
0,12210
0,12215
0,12216
0,12217
0,12218
0,12219
0,12221
0,12223
0,12226
0,12229
0,12232
0,12235
0,12241
0,12242
0,12244
0,12247
0,12249
0,12258
0,12263
0,12266
0,12272
0,12273
0,12281
0,12284
0,12286
0,12297
0,12300
0,12304
0,12315
0,12317
0,12321
0,12324
0,12326
0,12329
0,12335
0,12356
0,12362
0,12365
0,12372
0,12374
0,12376
0,12381
0,12385
0,12386
0,12394
0,12405
0,12406
0,12407
0,12409
0,12410
0,12413
0,12426
0,12442
0,12444
0,12447
0,12449
0,12456
0,12463
0,12467
0,12470
0,12472
0,12475
0,12479
0,12480
0,12483
0,12485
0,12486
0,12491
0,12495
0,12499
0,12500
0,12501
0,12502
0,12503
0,12504
0,12511
0,12512
0,12513
0,12515
0,12523
0,12525
0,12532
0,12541
0,12542
0,12543
0,12544
0,12545
0,12549
0,12554
0,12556
0,12564
0,12566
0,12569
0,12571
0,12583
0,12584
0,12593
0,12597
0,12598
0,12600
0,12604
0,12605
0,12609
0,12610
0,12611
0,12615
0,12617
0,12622
0,12624
0,12625
0,12626
0,12627
0,12629
0,12630
0,12632
0,12634
0,12642
0,12644
0,12645
0,12650
0,12651
0,12653
0,12655
0,12656
0,12661
0,12667
0,12669
0,12675
0,12682
0,12684
0,12693
0,12696
0,12701
0,12706
0,12707
0,12716
0,12719
0,12720
0,12729
0,12734
0,12735
0,12736
0,12737
0,12740
0,12746
0,12748
0,12749
0,12751
0,12757
0,12759
0,12764
0,12771
0,12779
0,12782
0,12788
0,12789
0,12797
0,12809
0,12812
0,12813
0,12822
0,12823
0,12829
0,12832
0,12833
0,12835
0,12836
0,12837
0,12839
0,12849
0,12850
0,12862
0,12867
0,12871
0,12877
0,12878
0,12889
0,12895
0,12897
0,12898
0,12900
0,12902
0,12910
0,12912
0,12914
0,12919
0,12921
0,12923
0,12930
0,12939
0,12940
0,12943
0,12944
0,12946
0,12947
0,12949
0,12952
0,12953
0,12956
0,12965
0,12966
0,12970
0,12971
0,12983
0,12986
0,12991
0,12992
0,12997
0,12998
0,13003
0,13005
0,13007
0,13011
0,13026
0,13027
0,13034
0,13044
0,13046
0,13052
0,13053
0,13063
0,13072
0,13074
0,13078
0,13080
0,13082
0,13084
0,13091
0,13093
0,13094
0,13096
0,13097
0,13124
0,13126
0,13129
0,13139
0,13140
0,13143
0,13147
0,13155
0,13159
0,13160
0,13161
0,13168
0,13171
0,13172
0,13174
0,13177
0,13188
0,13190
0,13191
0,13194
0,13195
0,13199
0,13202
0,13203
0,13204
0,13213
0,13214
0,13219
0,13220
0,13222
0,13223
0,13224
0,13233
0,13234
0,13239
0,13244
0,13250
0,13252
0,13254
0,13262
0,13263
0,13264
0,13268
0,13272
0,13273
0,13277
0,13282
0,13285
0,13288
0,13290
0,13291
0,13293
0,13295
0,13296
0,13308
0,13311
0,13324
0,13326
0,13334
0,13337
0,13343
0,13346
0,13354
0,13356
0,13373
0,13375
0,13376
0,13382
0,13387
0,13394
0,13405
0,13406
0,13408
0,13411
0,13412
0,13415
0,13416
0,13417
0,13438
0,13442
0,13443
0,13447
0,13454
0,13473
0,13474
0,13476
0,13477
0,13479
0,13488
0,13493
0,13502
0,13506
0,13518
0,13519
0,13525
0,13527
0,13532
0,13536
0,13538
0,13541
0,13542
0,13543
0,13548
0,13549
0,13560
0,13561
0,13562
0,13573
0,13577
0,13580
0,13581
0,13582
0,13585
0,13588
0,13591
0,13600
0,13612
0,13614
0,13624
0,13625
0,13634
0,13637
0,13645
0,13646
0,13649
0,13651
0,13655
0,13656
0,13660
0,13663
0,13672
0,13676
0,13682
0,13696
0,13705
0,13707
0,13712
0,13715
0,13718
0,13726
0,13728
0,13730
0,13735
0,13736
0,13737
0,13738
0,13739
0,13740
0,13746
0,13755
0,13756
0,13765
0,13767
0,13771
0,13772
0,13774
0,13778
0,13781
0,13785
0,13789
0,13790
0,13792
0,13793
0,13801
0,13804
0,13805
0,13818
0,13822
0,13824
0,13825
0,13846
0,13852
0,13853
0,13863
0,13864
0,13873
0,13880
0,13892
0,13893
0,13896
0,13902
0,13904
0,13908
0,13910
0,13920
0,13931
0,13935
0,13938
0,13940
0,13946
0,13949
0,13953
0,13956
0,13957
0,13958
0,13959
0,13960
0,13961
0,13970
0,13977
0,14001
0,14003
0,14010
0,14012
0,14013
0,14015
0,14017
0,14020
0,14021
0,14028
0,14031
0,14032
0,14038
0,14039
0,14041
0,14043
0,14044
0,14048
0,14059
0,14070
0,14071
0,14078
0,14085
0,14086
0,14087
0,14096
0,14097
0,14103
0,14106
0,14108
0,14111
0,14112
0,14127
0,14130
0,14132
0,14133
0,14134
0,14138
0,14139
0,14140
0,14142
0,14145
0,14146
0,14155
0,14157
0,14160
0,14162
0,14163
0,14167
0,14169
0,14171
0,14173
0,14175
0,14177
0,14179
0,14182
0,14183
0,14184
0,14185
0,14186
0,14187
0,14188
0,14189
0,14190
0,14192
0,14194
0,14197
0,14198
0,14199
0,14200
0,14210
0,14216
0,14218
0,14223
0,14226
0,14230
0,14233
0,14236
0,14241
0,14243
0,14245
0,14259
0,14260
0,14265
0,14267
0,14268
0,14272
0,14273
0,14282
0,14301
0,14302
0,14314
0,14322
0,14327
0,14333
0,14336
0,14338
0,14339
0,14341
0,14347
0,14350
0,14351
0,14352
0,14368
0,14369
0,14372
0,14375
0,14376
0,14377
0,14380
0,14385
0,14387
0,14392
0,14395
0,14407
0,14414
0,14415
0,14416
0,14421
0,14427
0,14430
0,14439
0,14440
0,14448
0,14450
0,14456
0,14457
0,14458
0,14469
0,14500
0,14507
0,14508
0,14514
0,14516
0,14517
0,14526
0,14532
0,14534
0,14535
0,14539
0,14541
0,14545
0,14549
0,14559
0,14563
0,14568
0,14572
0,14576
0,14577
0,14580
0,14584
0,14588
0,14591
0,14593
0,14595
0,14598
0,14610
0,14612
0,14613
0,14614
0,14619
0,14625
0,14630
0,14633
0,14636
0,14642
0,14644
0,14648
0,14652
0,14653
0,14655
0,14668
0,14673
0,14674
0,14676
0,14677
0,14678
0,14685
0,14692
0,14699
0,14700
0,14704
0,14711
0,14712
0,14715
0,14722
0,14736
0,14737
0,14738
0,14742
0,14743
0,14746
0,14752
0,14754
0,14757
0,14771
0,14786
0,14787
0,14793
0,14798
0,14800
0,14802
0,14803
0,14816
0,14821
0,14829
0,14834
0,14835
0,14836
0,14838
0,14839
0,14840
0,14841
0,14842
0,14843
0,14844
0,14850
0,14854
0,14855
0,14856
0,14875
0,14876
0,14877
0,14880
0,14888
0,14890
0,14891
0,14893
0,14895
0,14896
0,14898
0,14899
0,14911
0,14914
0,14917
0,14923
0,14927
0,14931
0,14935
0,14940
0,14949
0,14953
0,14956
0,14958
0,14960
0,14962
0,14968
0,14970
0,14972
0,14980
0,14987
0,15010
0,15011
0,15015
0,15016
0,15023
0,15024
0,15026
0,15027
0,15037
0,15038
0,15053
0,15059
0,15062
0,15070
0,15071
0,15073
0,15074
0,15075
0,15076
0,15077
0,15087
0,15088
0,15089
0,15101
0,15103
0,15109
0,15111
0,15116
0,15118
0,15121
0,15128
0,15147
0,15158
0,15162
0,15163
0,15170
0,15174
0,15184
0,15191
0,15197
0,15202
0,15206
0,15209
0,15212
0,15215
0,15222
0,15223
0,15226
0,15238
0,15243
0,15244
0,15245
0,15246
0,15249
0,15250
0,15251
0,15261
0,15264
0,15280
0,15283
0,15284
0,15285
0,15299
0,15300
0,15306
0,15314
0,15324
0,15325
0,15331
0,15332
0,15339
0,15340
0,15343
0,15348
0,15358
0,15361
0,15363
0,15367
0,15368
0,15376
0,15378
0,15379
0,15381
0,15386
0,15394
0,15397
0,15406
0,15411
0,15412
0,15414
0,15418
0,15420
0,15421
0,15424
0,15438
0,15439
0,15440
0,15444
0,15445
0,15450
0,15451
0,15454
0,15457
0,15464
0,15472
0,15473
0,15480
0,15482
0,15487
0,15488
0,15496
0,15497
0,15501
0,15508
0,15518
0,15520
0,15521
0,15522
0,15524
0,15531
0,15534
0,15536
0,15545
0,15547
0,15551
0,15553
0,15563
0,15567
0,15574
0,15575
0,15582
0,15583
0,15584
0,15589
0,15592
0,15607
0,15609
0,15613
0,15614
0,15617
0,15619
0,15620
0,15623
0,15626
0,15634
0,15635
0,15636
0,15641
0,15642
0,15647
0,15648
0,15655
0,15657
0,15660
0,15666
0,15668
0,15669
0,15673
0,15674
0,15689
0,15690
0,15699
0,15709
0,15710
0,15713
0,15720
0,15722
0,15723
0,15726
0,15727
0,15733
0,15734
0,15735
0,15741
0,15742
0,15746
0,15747
0,15748
0,15749
0,15750
0,15753
0,15754
0,15755
0,15756
0,15764
0,15765
0,15772
0,15775
0,15778
0,15780
0,15782
0,15784
0,15788
0,15800
0,15803
0,15812
0,15813
0,15814
0,15816
0,15822
0,15823
0,15827
0,15831
0,15835
0,15836
0,15853
0,15855
0,15866
0,15870
0,15872
0,15874
0,15878
0,15879
0,15883
0,15885
0,15892
0,15896
0,15899
0,15907
0,15909
0,15912
0,15914
0,15916
0,15926
0,15930
0,15932
0,15940
0,15954
0,15956
0,15957
0,15960
0,15961
0,15970
0,15972
0,15984
0,15987
0,15994
0,16001
0,16004
0,16011
0,16013
0,16014
0,16017
0,16020
0,16022
0,16023
0,16034
0,16036
0,16037
0,16039
0,16045
0,16052
0,16054
0,16055
0,16059
0,16062
0,16063
0,16064
0,16067
0,16078
0,16083
0,16084
0,16100
0,16106
0,16118
0,16119
0,16120
0,16121
0,16140
0,16142
0,16145
0,16148
0,16150
0,16152
0,16161
0,16168
0,16173
0,16177
0,16178
0,16180
0,16181
0,16182
0,16183
0,16186
0,16193
0,16196
0,16199
0,16202
0,16205
0,16207
0,16210
0,16212
0,16213
0,16214
0,16227
0,16229
0,16232
0,16238
0,16242
0,16247
0,16250
0,16256
0,16260
0,16261
0,16264
0,16267
0,16272
0,16273
0,16278
0,16286
0,16295
0,16301
0,16307
0,16312
0,16316
0,16323
0,16326
0,16327
0,16336
0,16338
0,16339
0,16341
0,16346
0,16348
0,16354
0,16356
0,16366
0,16370
0,16372
0,16380
0,16381
0,16382
0,16384
0,16385
0,16388
0,16390
0,16394
0,16398
0,16399
0,16400
0,16416
0,16417
0,16418
0,16422
0,16431
0,16441
0,16443
0,16452
0,16458
0,16459
0,16463
0,16465
0,16469
0,16473
0,16476
0,16477
0,16484
0,16495
0,16496
0,16498
0,16499
0,16501
0,16505
0,16517
0,16519
0,16528
0,16532
0,16533
0,16536
0,16548
0,16549
0,16552
0,16556
0,16565
0,16567
0,16570
0,16573
0,16574
0,16575
0,16583
0,16586
0,16588
0,16590
0,16592
0,16595
0,16602
0,16608
0,16609
0,16616
0,16617
0,16619
0,16620
0,16621
0,16623
0,16625
0,16626
0,16630
0,16632
0,16634
0,16639
0,16641
0,16649
0,16665
0,16666
0,16671
0,16674
0,16677
0,16680
0,16681
0,16686
0,16687
0,16688
0,16690
0,16692
0,16697
0,16698
0,16703
0,16706
0,16708
0,16711
0,16714
0,16725
0,16731
0,16732
0,16735
0,16736
0,16751
0,16755
0,16759
0,16761
0,16762
0,16764
0,16765
0,16766
0,16770
0,16771
0,16772
0,16773
0,16776
0,16783
0,16789
0,16790
0,16791
0,16793
0,16798
0,16802
0,16806
0,16812
0,16813
0,16814
0,16815
0,16820
0,16825
0,16826
0,16827
0,16839
0,16842
0,16843
0,16847
0,16850
0,16853
0,16859
0,16864
0,16868
0,16872
0,16873
0,16875
0,16880
0,16884
0,16893
0,16908
0,16910
0,16914
0,16918
0,16925
0,16926
0,16931
0,16940
0,16947
0,16949
0,16951
0,16952
0,16955
0,16967
0,16968
0,16969
0,16973
0,16974
0,16976
0,16979
0,16981
0,16987
0,16988
0,16990
0,16991
0,16992
0,16994
0,16998
0,16999
0,17007
0,17015
0,17017
0,17021
0,17022
0,17023
0,17033
0,17046
0,17047
0,17052
0,17062
0,17067
0,17075
0,17076
0,17077
0,17081
0,17083
0,17089
0,17091
0,17092
0,17093
0,17094
0,17098
0,17102
0,17107
0,17108
0,17112
0,17115
0,17118
0,17121
0,17123
0,17126
0,17131
0,17132
0,17134
0,17137
0,17139
0,17140
0,17146
0,17155
0,17156
0,17160
0,17161
0,17172
0,17176
0,17179
0,17182
0,17183
0,17185
0,17187
0,17192
0,17197
0,17201
0,17209
0,17210
0,17215
0,17219
0,17221
0,17226
0,17230
0,17231
0,17232
0,17235
0,17236
0,17239
0,17253
0,17254
0,17256
0,17261
0,17262
0,17264
0,17274
0,17277
0,17279
0,17281
0,17282
0,17284
0,17288
0,17290
0,17294
0,17299
0,17302
0,17312
0,17318
0,17325
0,17328
0,17333
0,17335
0,17336
0,17338
0,17339
0,17340
0,17346
0,17348
0,17351
0,17352
0,17357
0,17358
0,17361
0,17365
0,17367
0,17371
0,17376
0,17379
0,17384
0,17389
0,17392
0,17394
0,17399
0,17400
0,17406
0,17407
0,17409
0,17412
0,17413
0,17417
0,17418
0,17419
0,17426
0,17430
0,17433
0,17435
0,17443
0,17447
0,17456
0,17461
0,17462
0,17463
0,17465
0,17467
0,17468
0,17469
0,17470
0,17485
0,17488
0,17489
0,17490
0,17493
0,17510
0,17511
0,17513
0,17519
0,17521
0,17522
0,17528
0,17535
0,17550
0,17572
0,17579
0,17582
0,17585
0,17591
0,17595
0,17596
0,17599
0,17602
0,17608
0,17613
0,17614
0,17624
0,17630
0,17632
0,17633
0,17635
0,17640
0,17641
0,17648
0,17662
0,17677
0,17679
0,17683
0,17689
0,17692
0,17700
0,17701
0,17703
0,17709
0,17714
0,17718
0,17721
0,17730
0,17733
0,17735
0,17738
0,17739
0,17745
0,17748
0,17754
0,17759
0,17761
0,17767
0,17768
0,17785
0,17792
0,17795
0,17799
0,17804
0,17814
0,17820
0,17821
0,17826
0,17832
0,17835
0,17840
0,17843
0,17845
0,17850
0,17863
0,17865
0,17866
0,17876
0,17878
0,17881
0,17885
0,17886
0,17887
0,17888
0,17892
0,17893
0,17905
0,17906
0,17908
0,17910
0,17916
0,17923
0,17924
0,17927
0,17930
0,17931
0,17932
0,17934
0,17948
0,17953
0,17964
0,17965
0,17977
0,17989
0,17991
0,17992
0,17994
0,17996
0,18011
0,18013
0,18015
0,18028
0,18037
0,18043
0,18052
0,18062
0,18066
0,18067
0,18080
0,18083
0,18089
0,18092
0,18094
0,18100
0,18101
0,18102
0,18112
0,18114
0,18117
0,18124
0,18126
0,18127
0,18128
0,18134
0,18138
0,18142
0,18146
0,18149
0,18152
0,18156
0,18164
0,18165
0,18167
0,18173
0,18176
0,18178
0,18181
0,18183
0,18186
0,18191
0,18193
0,18196
0,18197
0,18199
0,18201
0,18202
0,18203
0,18205
0,18207
0,18208
0,18217
0,18221
0,18227
0,18240
0,18243
0,18246
0,18248
0,18249
0,18250
0,18252
0,18255
0,18258
0,18260
0,18261
0,18267
0,18271
0,18276
0,18280
0,18284
0,18285
0,18286
0,18296
0,18306
0,18308
0,18312
0,18326
0,18328
0,18330
0,18335
0,18336
0,18337
0,18338
0,18342
0,18345
0,18347
0,18353
0,18357
0,18361
0,18369
0,18373
0,18375
0,18376
0,18377
0,18379
0,18385
0,18386
0,18387
0,18391
0,18398
0,18399
0,18400
0,18406
0,18408
0,18409
0,18415
0,18420
0,18422
0,18427
0,18428
0,18430
0,18434
0,18442
0,18450
0,18452
0,18453
0,18455
0,18456
0,18458
0,18465
0,18467
0,18469
0,18476
0,18483
0,18484
0,18487
0,18497
0,18499
0,18504
0,18505
0,18512
0,18514
0,18519
0,18521
0,18522
0,18525
0,18531
0,18534
0,18536
0,18541
0,18548
0,18549
0,18553
0,18569
0,18570
0,18571
0,18573
0,18587
0,18594
0,18601
0,18610
0,18620
0,18624
0,18625
0,18626
0,18635
0,18638
0,18641
0,18642
0,18644
0,18647
0,18650
0,18653
0,18656
0,18657
0,18659
0,18663
0,18666
0,18670
0,18675
0,18679
0,18683
0,18689
0,18695
0,18696
0,18702
0,18704
0,18705
0,18706
0,18708
0,18709
0,18712
0,18718
0,18719
0,18721
0,18725
0,18726
0,18727
0,18728
0,18734
0,18744
0,18763
0,18764
0,18781
0,18789
0,18802
0,18805
0,18809
0,18814
0,18831
0,18844
0,18845
0,18847
0,18850
0,18851
0,18856
0,18857
0,18861
0,18865
0,18867
0,18872
0,18877
0,18878
0,18880
0,18881
0,18887
0,18891
0,18896
0,18907
0,18908
0,18915
0,18916
0,18918
0,18919
0,18932
0,18935
0,18940
0,18941
0,18954
0,18957
0,18958
0,18961
0,18963
0,18965
0,18971
0,18973
0,18975
0,18976
0,18978
0,18982
0,18989
0,18998
0,19001
0,19008
0,19011
0,19013
0,19018
0,19019
0,19024
0,19030
0,19032
0,19035
0,19044
0,19045
0,19048
0,19052
0,19054
0,19057
0,19058
0,19059
0,19063
0,19066
0,19067
0,19068
0,19078
0,19096
0,19100
0,19102
0,19108
0,19111
0,19115
0,19116
0,19117
0,19120
0,19123
0,19124
0,19127
0,19132
0,19133
0,19135
0,19139
0,19142
0,19148
0,19151
0,19153
0,19158
0,19159
0,19162
0,19166
0,19171
0,19175
0,19177
0,19189
0,19190
0,19192
0,19197
0,19201
0,19204
0,19206
0,19212
0,19214
0,19215
0,19226
0,19227
0,19233
0,19235
0,19236
0,19239
0,19241
0,19245
0,19248
0,19252
0,19254
0,19259
0,19260
0,19264
0,19268
0,19270
0,19272
0,19281
0,19282
0,19284
0,19286
0,19290
0,19292
0,19304
0,19305
0,19309
0,19312
0,19314
0,19316
0,19321
0,19322
0,19328
0,19334
0,19337
0,19339
0,19341
0,19347
0,19348
0,19349
0,19355
0,19357
0,19359
0,19360
0,19365
0,19367
0,19371
0,19385
0,19387
0,19388
0,19394
0,19404
0,19410
0,19412
0,19413
0,19417
0,19422
0,19428
0,19435
0,19449
0,19450
0,19455
0,19458
0,19459
0,19461
0,19467
0,19469
0,19471
0,19472
0,19474
0,19475
0,19482
0,19484
0,19491
0,19496
0,19502
0,19503
0,19505
0,19509
0,19511
0,19515
0,19520
0,19528
0,19534
0,19536
0,19538
0,19539
0,19545
0,19549
0,19551
0,19557
0,19568
0,19570
0,19576
0,19591
0,19595
0,19596
0,19603
0,19605
0,19608
0,19614
0,19623
0,19626
0,19632
0,19633
0,19636
0,19646
0,19647
0,19648
0,19652
0,19660
0,19661
0,19663
0,19664
0,19666
0,19684
0,19695
0,19697
0,19701
0,19703
0,19704
0,19711
0,19713
0,19715
0,19716
0,19717
0,19725
0,19727
0,19729
0,19732
0,19734
0,19736
0,19738
0,19741
0,19742
0,19745
0,19757
0,19759
0,19765
0,19767
0,19773
0,19778
0,19784
0,19786
0,19788
0,19789
0,19791
0,19799
0,19800
0,19802
0,19810
0,19813
0,19814
0,19822
0,19831
0,19834
0,19836
0,19844
0,19848
0,19850
0,19851
0,19853
0,19854
0,19855
0,19856
0,19861
0,19864
0,19868
0,19870
0,19872
0,19874
0,19877
0,19881
0,19884
0,19887
0,19892
0,19894
0,19897
0,19899
0,19900
0,19901
0,19910
0,19914
0,19929
0,19931
0,19933
0,19936
0,19937
0,19941
0,19943
0,19944
0,19947
0,19949
0,19950
0,19953
0,19964
0,19965
0,19970
0,19971
0,19972
0,19976
0,19982
0,19984
0,19990
0,19999
0,20002
0,20006
0,20007
0,20019
0,20024
0,20026
0,20027
0,20030
0,20033
0,20036
0,20037
0,20038
0,20042
0,20047
0,20052
0,20058
0,20068
0,20076
0,20079
0,20093
0,20097
0,20098
0,20104
0,20105
0,20106
0,20108
0,20109
0,20110
0,20122
0,20124
0,20125
0,20129
0,20141
0,20147
0,20149
0,20152
0,20155
0,20157
0,20158
0,20159
0,20165
0,20168
0,20172
0,20176
0,20178
0,20183
0,20185
0,20193
0,20201
0,20203
0,20217
0,20231
0,20238
0,20239
0,20241
0,20253
0,20261
0,20263
0,20264
0,20265
0,20268
0,20273
0,20282
0,20299
0,20301
0,20304
0,20311
0,20313
0,20320
0,20322
0,20323
0,20327
0,20337
0,20340
0,20350
0,20352
0,20354
0,20360
0,20361
0,20363
0,20366
0,20367
0,20368
0,20371
0,20372
0,20373
0,20379
0,20391
0,20394
0,20400
0,20409
0,20411
0,20420
0,20424
0,20426
0,20433
0,20434
0,20436
0,20437
0,20444
0,20445
0,20449
0,20450
0,20456
0,20458
0,20470
0,20475
0,20476
0,20480
0,20483
0,20486
0,20497
0,20498
0,20499
0,20507
0,20513
0,20517
0,20518
0,20530
0,20544
0,20547
0,20549
0,20553
0,20558
0,20559
0,20564
0,20566
0,20581
0,20586
0,20589
0,20591
0,20592
0,20593
0,20595
0,20597
0,20601
0,20603
0,20614
0,20617
0,20625
0,20636
0,20640
0,20642
0,20649
0,20652
0,20659
0,20667
0,20674
0,20683
0,20689
0,20690
0,20693
0,20698
0,20700
0,20705
0,20706
0,20708
0,20713
0,20715
0,20720
0,20723
0,20724
0,20735
0,20740
0,20741
0,20743
0,20747
0,20751
0,20753
0,20754
0,20758
0,20763
0,20771
0,20776
0,20783
0,20790
0,20791
0,20793
0,20802
0,20808
0,20810
0,20817
0,20818
0,20820
0,20823
0,20825
0,20826
0,20829
0,20830
0,20832
0,20839
0,20843
0,20846
0,20853
0,20860
0,20870
0,20875
0,20885
0,20886
0,20892
0,20896
0,20907
0,20908
0,20911
0,20915
0,20920
0,20923
0,20929
0,20937
0,20938
0,20940
0,20953
0,20955
0,20963
0,20966
0,20969
0,20974
0,20976
0,20981
0,20984
0,20989
0,20990
0,20992
0,20993
0,20997
0,21009
0,21012
0,21014
0,21017
0,21019
0,21021
0,21030
0,21047
0,21053
0,21060
0,21061
0,21062
0,21064
0,21066
0,21067
0,21069
0,21070
0,21072
0,21078
0,21083
0,21084
0,21087
0,21089
0,21090
0,21095
0,21103
0,21106
0,21111
0,21112
0,21114
0,21116
0,21120
0,21127
0,21128
0,21131
0,21134
0,21141
0,21148
0,21150
0,21154
0,21161
0,21166
0,21167
0,21168
0,21172
0,21173
0,21181
0,21185
0,21186
0,21188
0,21199
0,21200
0,21209
0,21215
0,21219
0,21225
0,21226
0,21227
0,21231
0,21233
0,21239
0,21249
0,21259
0,21260
0,21262
0,21264
0,21271
0,21277
0,21280
0,21281
0,21285
0,21288
0,21289
0,21290
0,21292
0,21293
0,21301
0,21302
0,21304
0,21310
0,21311
0,21319
0,21320
0,21324
0,21326
0,21328
0,21330
0,21334
0,21335
0,21338
0,21340
0,21342
0,21349
0,21350
0,21351
0,21354
0,21355
0,21356
0,21376
0,21386
0,21388
0,21400
0,21401
0,21410
0,21413
0,21422
0,21425
0,21430
0,21434
0,21440
0,21451
0,21453
0,21458
0,21459
0,21463
0,21464
0,21467
0,21473
0,21478
0,21480
0,21482
0,21483
0,21486
0,21489
0,21493
0,21496
0,21497
0,21500
0,21502
0,21505
0,21507
0,21508
0,21514
0,21516
0,21518
0,21521
0,21522
0,21525
0,21531
0,21536
0,21537
0,21541
0,21547
0,21549
0,21562
0,21565
0,21575
0,21577
0,21578
0,21579
0,21584
0,21586
0,21592
0,21594
0,21599
0,21601
0,21603
0,21606
0,21619
0,21623
0,21626
0,21630
0,21631
0,21635
0,21640
0,21642
0,21643
0,21645
0,21647
0,21653
0,21654
0,21655
0,21659
0,21663
0,21666
0,21667
0,21672
0,21681
0,21685
0,21686
0,21688
0,21689
0,21690
0,21692
0,21696
0,21701
0,21703
0,21710
0,21715
0,21720
0,21722
0,21728
0,21730
0,21734
0,21735
0,21736
0,21741
0,21744
0,21747
0,21751
0,21765
0,21767
0,21772
0,21779
0,21780
0,21783
0,21785
0,21787
0,21790
0,21806
0,21807
0,21813
0,21814
0,21818
0,21823
0,21828
0,21833
0,21836
0,21840
0,21841
0,21845
0,21851
0,21857
0,21865
0,21872
0,21881
0,21885
0,21886
0,21887
0,21889
0,21898
0,21902
0,21904
0,21907
0,21909
0,21911
0,21912
0,21918
0,21919
0,21920
0,21921
0,21926
0,21934
0,21956
0,21957
0,21961
0,21963
0,21970
0,21979
0,21985
0,21988
0,21989
0,22001
0,22003
0,22010
0,22014
0,22015
0,22017
0,22021
0,22022
0,22032
0,22034
0,22036
0,22038
0,22041
0,22046
0,22051
0,22055
0,22056
0,22059
0,22061
0,22071
0,22075
0,22080
0,22081
0,22082
0,22085
0,22092
0,22094
0,22097
0,22101
0,22104
0,22105
0,22108
0,22111
0,22113
0,22123
0,22127
0,22129
0,22133
0,22137
0,22138
0,22144
0,22149
0,22153
0,22154
0,22160
0,22163
0,22168
0,22176
0,22177
0,22178
0,22197
0,22218
0,22219
0,22222
0,22223
0,22226
0,22227
0,22233
0,22235
0,22239
0,22240
0,22249
0,22253
0,22254
0,22262
0,22269
0,22270
0,22272
0,22278
0,22280
0,22294
0,22301
0,22312
0,22317
0,22321
0,22322
0,22323
0,22329
0,22330
0,22332
0,22333
0,22334
0,22341
0,22345
0,22349
0,22350
0,22355
0,22356
0,22359
0,22365
0,22381
0,22385
0,22387
0,22388
0,22394
0,22395
0,22396
0,22402
0,22405
0,22408
0,22415
0,22436
0,22438
0,22439
0,22440
0,22445
0,22448
0,22450
0,22451
0,22459
0,22461
0,22467
0,22481
0,22493
0,22499
0,22501
0,22502
0,22505
0,22509
0,22518
0,22525
0,22527
0,22529
0,22530
0,22536
0,22542
0,22543
0,22547
0,22549
0,22555
0,22577
0,22579
0,22594
0,22595
0,22598
0,22603
0,22610
0,22616
0,22619
0,22621
0,22622
0,22628
0,22630
0,22633
0,22636
0,22641
0,22643
0,22644
0,22645
0,22646
0,22651
0,22652
0,22667
0,22673
0,22674
0,22679
0,22681
0,22682
0,22684
0,22688
0,22691
0,22693
0,22695
0,22701
0,22704
0,22705
0,22709
0,22714
0,22726
0,22727
0,22731
0,22732
0,22733
0,22735
0,22740
0,22742
0,22744
0,22748
0,22749
0,22751
0,22752
0,22755
0,22757
0,22762
0,22768
0,22770
0,22771
0,22774
0,22776
0,22785
0,22789
0,22796
0,22801
0,22802
0,22809
0,22816
0,22833
0,22835
0,22837
0,22838
0,22840
0,22848
0,22852
0,22856
0,22872
0,22873
0,22878
0,22886
0,22890
0,22891
0,22894
0,22899
0,22900
0,22902
0,22906
0,22907
0,22908
0,22909
0,22913
0,22919
0,22921
0,22927
0,22930
0,22931
0,22941
0,22960
0,22963
0,22964
0,22968
0,22969
0,22970
0,22981
0,22982
0,22984
0,22990
0,23007
0,23011
0,23020
0,23027
0,23028
0,23029
0,23030
0,23033
0,23034
0,23041
0,23042
0,23043
0,23049
0,23050
0,23057
0,23065
0,23067
0,23073
0,23074
0,23087
0,23088
0,23090
0,23093
0,23095
0,23096
0,23097
0,23104
0,23106
0,23114
0,23115
0,23117
0,23127
0,23131
0,23132
0,23135
0,23139
0,23143
0,23147
0,23150
0,23155
0,23160
0,23162
0,23164
0,23165
0,23168
0,23169
0,23170
0,23179
0,23188
0,23193
0,23195
0,23203
0,23206
0,23215
0,23217
0,23219
0,23220
0,23225
0,23231
0,23232
0,23236
0,23241
0,23242
0,23252
0,23254
0,23264
0,23266
0,23268
0,23272
0,23276
0,23279
0,23280
0,23287
0,23288
0,23303
0,23317
0,23318
0,23322
0,23323
0,23324
0,23327
0,23332
0,23339
0,23341
0,23346
0,23352
0,23354
0,23355
0,23358
0,23361
0,23364
0,23368
0,23371
0,23372
0,23375
0,23376
0,23384
0,23388
0,23398
0,23408
0,23432
0,23441
0,23444
0,23451
0,23454
0,23457
0,23459
0,23460
0,23462
0,23466
0,23467
0,23474
0,23475
0,23479
0,23483
0,23485
0,23490
0,23491
0,23493
0,23497
0,23498
0,23504
0,23508
0,23510
0,23522
0,23537
0,23539
0,23547
0,23549
0,23554
0,23555
0,23557
0,23565
0,23568
0,23573
0,23575
0,23576
0,23587
0,23590
0,23602
0,23611
0,23615
0,23618
0,23623
0,23626
0,23627
0,23631
0,23633
0,23643
0,23645
0,23647
0,23652
0,23667
0,23673
0,23674
0,23684
0,23689
0,23691
0,23694
0,23695
0,23698
0,23702
0,23705
0,23709
0,23718
0,23719
0,23721
0,23723
0,23725
0,23727
0,23730
0,23731
0,23735
0,23737
0,23743
0,23746
0,23750
0,23751
0,23753
0,23754
0,23755
0,23757
0,23759
0,23767
0,23771
0,23775
0,23780
0,23787
0,23788
0,23789
0,23790
0,23795
0,23797
0,23807
0,23811
0,23813
0,23814
0,23817
0,23818
0,23821
0,23824
0,23829
0,23834
0,23835
0,23838
0,23845
0,23846
0,23849
0,23855
0,23856
0,23864
0,23868
0,23872
0,23873
0,23875
0,23876
0,23884
0,23886
0,23894
0,23896
0,23903
0,23904
0,23905
0,23906
0,23908
0,23910
0,23911
0,23912
0,23919
0,23933
0,23934
0,23936
0,23938
0,23944
0,23946
0,23948
0,23950
0,23952
0,23953
0,23958
0,23959
0,23961
0,23964
0,23970
0,23972
0,23976
0,23977
0,23995
0,23996
0,23998
0,23999
0,24004
0,24005
0,24009
0,24012
0,24017
0,24022
0,24027
0,24034
0,24041
0,24042
0,24044
0,24046
0,24051
0,24056
0,24058
0,24060
0,24068
0,24074
0,24084
0,24094
0,24096
0,24097
0,24103
0,24104
0,24107
0,24112
0,24114
0,24115
0,24117
0,24123
0,24128
0,24130
0,24133
0,24139
0,24143
0,24144
0,24146
0,24148
0,24155
0,24158
0,24163
0,24167
0,24169
0,24172
0,24176
0,24186
0,24187
0,24200
0,24208
0,24219
0,24225
0,24233
0,24238
0,24242
0,24248
0,24250
0,24252
0,24255
0,24256
0,24260
0,24263
0,24271
0,24277
0,24280
0,24283
0,24284
0,24297
0,24298
0,24315
0,24317
0,24329
0,24331
0,24332
0,24335
0,24338
0,24340
0,24342
0,24344
0,24348
0,24350
0,24352
0,24357
0,24359
0,24365
0,24374
0,24375
0,24377
0,24380
0,24384
0,24387
0,24388
0,24389
0,24391
0,24399
0,24400
0,24405
0,24406
0,24410
0,24412
0,24414
0,24421
0,24431
0,24434
0,24437
0,24439
0,24445
0,24448
0,24450
0,24458
0,24460
0,24463
0,24465
0,24466
0,24471
0,24472
0,24475
0,24479
0,24485
0,24495
0,24497
0,24498
0,24502
0,24503
0,24504
0,24507
0,24508
0,24519
0,24520
0,24522
0,24530
0,24531
0,24542
0,24546
0,24548
0,24554
0,24558
0,24559
0,24560
0,24562
0,24563
0,24565
0,24566
0,24570
0,24572
0,24583
0,24584
0,24591
0,24592
0,24598
0,24601
0,24603
0,24604
0,24606
0,24607
0,24608
0,24609
0,24611
0,24612
0,24613
0,24614
0,24615
0,24619
0,24620
0,24622
0,24624
0,24628
0,24630
0,24635
0,24637
0,24638
0,24642
0,24648
0,24655
0,24659
0,24666
0,24678
0,24684
0,24685
0,24688
0,24689
0,24693
0,24697
0,24700
0,24704
0,24708
0,24709
0,24713
0,24717
1,24725
1,24730
1,24744
1,24745
1,24746
1,24752
1,24753
1,24755
1,24756
1,24757
1,24760
1,24773
1,24775
1,24787
1,24789
1,24798
1,24803
1,24804
1,24810
1,24814
1,24815
1,24816
1,24818
1,24821
1,24825
1,24828
1,24832
1,24835
1,24844
1,24847
1,24849
1,24850
1,24851
1,24852
1,24858
1,24859
1,24861
1,24868
1,24869
1,24871
1,24872
1,24873
1,24878
1,24884
1,24886
1,24887
1,24891
1,24896
1,24899
1,24903
1,24906
1,24918
1,24919
1,24921
1,24930
1,24931
1,24934
1,24935
1,24938
1,24939
1,24942
1,24953
1,24956
1,24961
1,24962
1,24971
1,24972
1,24979
1,24989
1,24991
1,24993
1,24995
1,24996
1,25004
1,25007
1,25011
1,25013
1,25020
1,25023
1,25024
1,25028
1,25029
1,25030
1,25033
1,25036
1,25037
1,25039
1,25046
1,25053
1,25059
1,25072
1,25088
1,25092
1,25102
1,25103
1,25106
1,25110
1,25111
1,25126
1,25127
1,25129
1,25131
1,25132
1,25133
1,25135
1,25137
1,25144
1,25146
1,25150
1,25157
1,25166
1,25180
1,25182
1,25188
1,25189
1,25190
1,25192
1,25195
1,25199
1,25200
1,25203
1,25208
1,25214
1,25215
1,25216
1,25223
1,25226
1,25230
1,25232
1,25234
1,25236
1,25237
1,25241
1,25245
1,25263
1,25266
1,25269
1,25272
1,25273
1,25274
1,25280
1,25283
1,25285
1,25294
1,25295
1,25305
1,25308
1,25309
1,25317
1,25318
1,25319
1,25325
1,25329
1,25333
1,25336
1,25338
1,25339
1,25343
1,25344
1,25353
1,25354
1,25356
1,25359
1,25363
1,25369
1,25370
1,25375
1,25378
1,25382
1,25383
1,25387
1,25395
1,25396
1,25406
1,25414
1,25417
1,25421
1,25423
1,25427
1,25431
1,25441
1,25442
1,25444
1,25448
1,25452
1,25461
1,25464
1,25465
1,25474
1,25476
1,25477
1,25478
1,25483
1,25498
1,25511
1,25512
1,25513
1,25514
1,25519
1,25522
1,25525
1,25531
1,25537
1,25542
1,25548
1,25550
1,25552
1,25553
1,25561
1,25564
1,25569
1,25570
1,25572
1,25575
1,25579
1,25582
1,25584
1,25586
1,25587
1,25589
1,25594
1,25597
1,25607
1,25615
1,25617
1,25620
1,25622
1,25629
1,25631
1,25633
1,25635
1,25641
1,25644
1,25646
1,25655
1,25658
1,25661
1,25665
1,25671
1,25682
1,25691
1,25694
1,25699
1,25704
1,25706
1,25713
1,25714
1,25719
1,25722
1,25726
1,25732
1,25739
1,25741
1,25742
1,25754
1,25759
1,25769
1,25779
1,25787
1,25791
1,25796
1,25797
1,25804
1,25805
1,25808
1,25811
1,25814
1,25818
1,25826
1,25828
1,25829
1,25833
1,25835
1,25840
1,25841
1,25847
1,25849
1,25871
1,25874
1,25875
1,25879
1,25881
1,25884
1,25893
1,25894
1,25896
1,25898
1,25900
1,25901
1,25902
1,25905
1,25907
1,25909
1,25912
1,25915
1,25917
1,25919
1,25922
1,25929
1,25931
1,25934
1,25937
1,25939
1,25954
1,25955
1,25956
1,25957
1,25967
1,25971
1,25972
1,25973
1,25974
1,25976
1,25977
1,25980
1,25982
1,25984
1,25987
1,26006
1,26010
1,26012
1,26018
1,26021
1,26027
1,26033
1,26035
1,26037
1,26039
1,26042
1,26044
1,26045
1,26047
1,26058
1,26066
1,26068
1,26070
1,26082
1,26087
1,26088
1,26089
1,26090
1,26092
1,26093
1,26103
1,26106
1,26109
1,26112
1,26116
1,26125
1,26128
1,26130
1,26140
1,26144
1,26145
1,26147
1,26151
1,26152
1,26153
1,26159
1,26165
1,26169
1,26172
1,26181
1,26188
1,26192
1,26199
1,26213
1,26216
1,26219
1,26224
1,26225
1,26226
1,26232
1,26235
1,26242
1,26246
1,26247
1,26252
1,26256
1,26258
1,26261
1,26263
1,26272
1,26275
1,26280
1,26281
1,26282
1,26287
1,26289
1,26291
1,26293
1,26296
1,26301
1,26303
1,26307
1,26309
1,26314
1,26318
1,26323
1,26325
1,26327
1,26330
1,26332
1,26336
1,26337
1,26338
1,26340
1,26356
1,26358
1,26359
1,26360
1,26363
1,26364
1,26365
1,26366
1,26368
1,26370
1,26376
1,26385
1,26389
1,26395
1,26403
1,26405
1,26410
1,26414
1,26418
1,26420
1,26424
1,26434
1,26438
1,26440
1,26441
1,26442
1,26444
1,26445
1,26446
1,26447
1,26448
1,26459
1,26479
1,26480
1,26490
1,26504
1,26506
1,26512
1,26513
1,26515
1,26520
1,26521
1,26534
1,26552
1,26555
1,26560
1,26561
1,26564
1,26566
1,26567
1,26568
1,26570
1,26575
1,26576
1,26578
1,26580
1,26581
1,26582
1,26585
1,26586
1,26592
1,26594
1,26597
1,26601
1,26602
1,26608
1,26619
1,26621
1,26628
1,26638
1,26643
1,26644
1,26651
1,26657
1,26662
1,26671
1,26673
1,26678
1,26681
1,26683
1,26690
1,26692
1,26694
1,26700
1,26706
1,26709
1,26718
1,26720
1,26721
1,26722
1,26728
1,26732
1,26735
1,26736
1,26737
1,26738
1,26750
1,26762
1,26763
1,26765
1,26771
1,26774
1,26775
1,26776
1,26777
1,26778
1,26781
1,26797
1,26798
1,26802
1,26804
1,26805
1,26809
1,26812
1,26814
1,26823
1,26826
1,26831
1,26840
1,26846
1,26848
1,26852
1,26854
1,26857
1,26863
1,26890
1,26891
1,26908
1,26910
1,26919
1,26920
1,26926
1,26935
1,26937
1,26938
1,26939
1,26944
1,26945
1,26947
1,26948
1,26952
1,26953
1,26958
1,26959
1,26962
1,26968
1,26974
1,26983
1,26985
1,26986
1,26992
1,26997
1,27001
1,27013
1,27015
1,27020
1,27025
1,27031
1,27034
1,27038
1,27039
1,27049
1,27054
1,27057
1,27072
1,27075
1,27076
1,27079
1,27081
1,27087
1,27097
1,27100
1,27108
1,27110
1,27112
1,27117
1,27118
1,27119
1,27123
1,27129
1,27134
1,27139
1,27153
1,27155
1,27161
1,27162
1,27164
1,27172
1,27176
1,27178
1,27184
1,27186
1,27189
1,27191
1,27195
1,27197
1,27199
1,27200
1,27208
1,27212
1,27220
1,27221
1,27223
1,27226
1,27229
1,27230
1,27231
1,27234
1,27239
1,27243
1,27248
1,27262
1,27264
1,27266
1,27273
1,27289
1,27292
1,27309
1,27313
1,27325
1,27333
1,27335
1,27336
1,27340
1,27344
1,27345
1,27349
1,27351
1,27359
1,27369
1,27370
1,27372
1,27373
1,27378
1,27388
1,27389
1,27392
1,27399
1,27402
1,27405
1,27411
1,27412
1,27419
1,27423
1,27424
1,27426
1,27427
1,27432
1,27433
1,27434
1,27443
1,27445
1,27447
1,27449
1,27452
1,27454
1,27458
1,27462
1,27471
1,27474
1,27481
1,27483
1,27487
1,27489
1,27491
1,27503
1,27505
1,27507
1,27509
1,27514
1,27523
1,27529
1,27531
1,27533
1,27535
1,27540
1,27542
1,27543
1,27551
1,27554
1,27556
1,27559
1,27563
1,27567
1,27568
1,27569
1,27574
1,27581
1,27583
1,27584
1,27585
1,27589
1,27591
1,27593
1,27595
1,27598
1,27599
1,27608
1,27609
1,27610
1,27611
1,27612
1,27619
1,27620
1,27621
1,27622
1,27626
1,27629
1,27631
1,27639
1,27641
1,27644
1,27652
1,27653
1,27656
1,27660
1,27663
1,27672
1,27674
1,27676
1,27679
1,27684
1,27685
1,27686
1,27687
1,27692
1,27694
1,27695
1,27697
1,27698
1,27699
1,27703
1,27705
1,27707
1,27726
1,27729
1,27730
1,27737
1,27741
1,27742
1,27744
1,27745
1,27748
1,27758
1,27759
1,27760
1,27762
1,27764
1,27765
1,27772
1,27781
1,27786
1,27788
1,27790
1,27791
1,27794
1,27796
1,27797
1,27801
1,27802
1,27804
1,27805
1,27812
1,27814
1,27819
1,27822
1,27825
1,27831
1,27832
1,27834
1,27838
1,27844
1,27848
1,27856
1,27863
1,27864
1,27866
1,27869
1,27871
1,27880
1,27884
1,27886
1,27888
1,27892
1,27895
1,27899
1,27901
1,27906
1,27907
1,27908
1,27911
1,27914
1,27926
1,27927
1,27928
1,27931
1,27933
1,27941
1,27954
1,27957
1,27963
1,27973
1,27974
1,27976
1,27983
1,27989
1,27990
1,27993
1,27994
1,27998
1,28000
1,28001
1,28007
1,28017
1,28018
1,28022
1,28030
1,28032
1,28034
1,28036
1,28039
1,28041
1,28045
1,28046
1,28050
1,28051
1,28052
1,28059
1,28060
1,28063
1,28066
1,28068
1,28078
1,28081
1,28085
1,28086
1,28087
1,28088
1,28089
1,28092
1,28095
1,28099
1,28100
1,28107
1,28109
1,28113
1,28115
1,28117
1,28129
1,28130
1,28131
1,28138
1,28139
1,28140
1,28144
1,28145
1,28147
1,28148
1,28149
1,28150
1,28155
1,28161
1,28164
1,28170
1,28183
1,28184
1,28185
1,28191
1,28195
1,28199
1,28206
1,28209
1,28215
1,28218
1,28222
1,28223
1,28227
1,28233
1,28234
1,28239
1,28241
1,28242
1,28248
1,28253
1,28254
1,28257
1,28264
1,28268
1,28269
1,28271
1,28274
1,28278
1,28282
1,28284
1,28290
1,28291
1,28292
1,28295
1,28297
1,28298
1,28301
1,28305
1,28312
1,28313
1,28315
1,28317
1,28320
1,28321
1,28323
1,28327
1,28336
1,28342
1,28345
1,28348
1,28350
1,28353
1,28356
1,28362
1,28363
1,28370
1,28375
1,28376
1,28378
1,28383
1,28387
1,28391
1,28396
1,28397
1,28402
1,28407
1,28411
1,28415
1,28424
1,28425
1,28426
1,28431
1,28440
1,28441
1,28444
1,28447
1,28456
1,28457
1,28460
1,28461
1,28462
1,28470
1,28473
1,28477
1,28483
1,28485
1,28488
1,28490
1,28497
1,28499
1,28502
1,28504
1,28507
1,28518
1,28526
1,28527
1,28533
1,28536
1,28541
1,28543
1,28552
1,28556
1,28557
1,28561
1,28563
1,28565
1,28570
1,28573
1,28574
1,28578
1,28582
1,28585
1,28590
1,28594
1,28595
1,28598
1,28603
1,28607
1,28612
1,28616
1,28617
1,28619
1,28628
1,28629
1,28631
1,28633
1,28635
1,28637
1,28641
1,28646
1,28651
1,28653
1,28660
1,28662
1,28663
1,28667
1,28670
1,28671
1,28672
1,28679
1,28686
1,28687
1,28688
1,28690
1,28705
1,28707
1,28708
1,28710
1,28713
1,28714
1,28715
1,28725
1,28727
1,28733
1,28736
1,28737
1,28739
1,28741
1,28742
1,28746
1,28753
1,28761
1,28762
1,28763
1,28765
1,28768
1,28771
1,28782
1,28784
1,28788
1,28792
1,28794
1,28798
1,28803
1,28805
1,28812
1,28816
1,28817
1,28820
1,28826
1,28828
1,28829
1,28832
1,28833
1,28835
1,28838
1,28839
1,28843
1,28847
1,28853
1,28859
1,28861
1,28862
1,28864
1,28866
1,28870
1,28872
1,28873
1,28875
1,28887
1,28888
1,28891
1,28897
1,28901
1,28903
1,28909
1,28912
1,28919
1,28925
1,28927
1,28929
1,28931
1,28932
1,28942
1,28945
1,28946
1,28949
1,28953
1,28955
1,28970
1,28971
1,28975
1,28978
1,28980
1,28989
1,28991
1,28992
1,28994
1,28996
1,28999
1,29006
1,29010
1,29012
1,29014
1,29015
1,29016
1,29017
1,29018
1,29023
1,29025
1,29027
1,29030
1,29033
1,29036
1,29042
1,29052
1,29055
1,29065
1,29068
1,29069
1,29076
1,29077
1,29086
1,29090
1,29092
1,29095
1,29097
1,29099
1,29109
1,29111
1,29112
1,29115
1,29119
1,29126
1,29130
1,29135
1,29137
1,29147
1,29154
1,29155
1,29158
1,29172
1,29174
1,29176
1,29177
1,29180
1,29186
1,29188
1,29189
1,29201
1,29202
1,29205
1,29207
1,29212
1,29216
1,29220
1,29223
1,29229
1,29230
1,29231
1,29233
1,29235
1,29237
1,29252
1,29263
1,29265
1,29267
1,29269
1,29282
1,29283
1,29284
1,29285
1,29290
1,29294
1,29301
1,29304
1,29308
1,29309
1,29330
1,29331
1,29332
1,29340
1,29345
1,29350
1,29352
1,29355
1,29364
1,29365
1,29367
1,29368
1,29370
1,29372
1,29373
1,29378
1,29381
1,29386
1,29393
1,29396
1,29398
1,29399
1,29404
1,29405
1,29407
1,29409
1,29410
1,29413
1,29419
1,29427
1,29432
1,29435
1,29442
1,29446
1,29458
1,29464
1,29465
1,29471
1,29472
1,29476
1,29483
1,29493
1,29498
1,29501
1,29502
1,29503
1,29506
1,29507
1,29509
1,29510
1,29513
1,29520
1,29523
1,29529
1,29537
1,29541
1,29542
1,29545
1,29546
1,29549
1,29553
1,29554
1,29564
1,29565
1,29574
1,29576
1,29579
1,29580
1,29584
1,29590
1,29596
1,29598
1,29604
1,29609
1,29610
1,29611
1,29612
1,29613
1,29614
1,29620
1,29621
1,29631
1,29645
1,29646
1,29647
1,29657
1,29671
1,29672
1,29675
1,29678
1,29679
1,29680
1,29683
1,29685
1,29687
1,29691
1,29692
1,29696
1,29699
1,29700
1,29705
1,29708
1,29709
1,29712
1,29717
1,29722
1,29724
1,29726
1,29728
1,29729
1,29736
1,29738
1,29748
1,29749
1,29767
1,29776
1,29781
1,29785
1,29787
1,29789
1,29790
1,29791
1,29800
1,29803
1,29808
1,29811
1,29812
1,29813
1,29826
1,29827
1,29829
1,29834
1,29843
1,29854
1,29862
1,29865
1,29869
1,29875
1,29882
1,29883
1,29884
1,29889
1,29891
1,29897
1,29904
1,29907
1,29911
1,29912
1,29917
1,29920
1,29922
1,29926
1,29927
1,29934
1,29935
1,29942
1,29950
1,29953
1,29961
1,29972
1,29979
1,29988
1,29998
1,30000
1,30004
1,30007
1,30014
1,30018
1,30020
1,30022
1,30024
1,30046
1,30049
1,30050
1,30059
1,30065
1,30066
1,30069
1,30071
1,30073
1,30075
1,30087
1,30088
1,30089
1,30095
1,30096
1,30097
1,30100
1,30106
1,30111
1,30112
1,30115
1,30127
1,30128
1,30143
1,30146
1,30154
1,30160
1,30170
1,30173
1,30182
1,30183
1,30192
1,30193
1,30198
1,30200
1,30206
1,30209
1,30211
1,30212
1,30216
1,30222
1,30223
1,30228
1,30233
1,30236
1,30238
1,30242
1,30245
1,30247
1,30251
1,30257
1,30258
1,30262
1,30263
1,30267
1,30272
1,30276
1,30278
1,30289
1,30291
1,30292
1,30297
1,30299
1,30300
1,30301
1,30306
1,30313
1,30315
1,30321
1,30327
1,30328
1,30335
1,30338
1,30347
1,30357
1,30359
1,30361
1,30362
1,30379
1,30383
1,30390
1,30391
1,30392
1,30393
1,30400
1,30402
1,30403
1,30404
1,30405
1,30407
1,30409
1,30410
1,30429
1,30439
1,30441
1,30454
1,30457
1,30464
1,30467
1,30476
1,30482
1,30483
1,30488
1,30489
1,30508
1,30513
1,30515
1,30520
1,30523
1,30528
1,30530
1,30534
1,30535
1,30539
1,30544
1,30549
1,30555
1,30558
1,30559
1,30562
1,30566
1,30570
1,30571
1,30572
1,30573
1,30575
1,30577
1,30583
1,30584
1,30585
1,30587
1,30595
1,30597
1,30608
1,30609
1,30616
1,30622
1,30623
1,30624
1,30626
1,30630
1,30640
1,30650
1,30656
1,30657
1,30662
1,30664
1,30667
1,30668
1,30669
1,30671
1,30674
1,30679
1,30682
1,30685
1,30687
1,30689
1,30693
1,30701
1,30702
1,30706
1,30707
1,30711
1,30718
1,30722
1,30735
1,30740
1,30741
1,30743
1,30747
1,30751
1,30760
1,30773
1,30782
1,30793
1,30796
1,30802
1,30806
1,30812
1,30820
1,30825
1,30826
1,30830
1,30835
1,30838
1,30840
1,30846
1,30847
1,30848
1,30849
1,30850
1,30862
1,30867
1,30870
1,30871
1,30872
1,30873
1,30878
1,30879
1,30883
1,30884
1,30890
1,30891
1,30897
1,30901
1,30902
1,30912
1,30921
1,30928
1,30931
1,30936
1,30939
1,30943
1,30948
1,30949
1,30954
1,30963
1,30974
1,30982
1,30987
1,30990
1,30993
1,30994
1,30996
1,31006
1,31013
1,31014
1,31015
1,31018
1,31019
1,31034
1,31043
1,31052
1,31056
1,31063
1,31064
1,31071
1,31077
1,31081
1,31084
1,31086
1,31088
1,31089
1,31090
1,31093
1,31098
1,31099
1,31106
1,31110
1,31119
1,31120
1,31122
1,31124
1,31126
1,31127
1,31134
1,31143
1,31149
1,31150
1,31158
1,31160
1,31162
1,31166
1,31185
1,31186
1,31191
1,31196
1,31199
1,31202
1,31205
1,31209
1,31212
1,31214
1,31215
1,31218
1,31219
1,31224
1,31225
1,31228
1,31242
1,31244
1,31246
1,31254
1,31255
1,31256
1,31262
1,31263
1,31265
1,31266
1,31269
1,31273
1,31275
1,31276
1,31280
1,31283
1,31284
1,31286
1,31291
1,31294
1,31295
1,31298
1,31300
1,31301
1,31305
1,31310
1,31311
1,31312
1,31317
1,31321
1,31331
1,31332
1,31342
1,31343
1,31346
1,31348
1,31350
1,31358
1,31361
1,31368
1,31371
1,31372
1,31374
1,31381
1,31384
1,31389
1,31395
1,31396
1,31398
1,31400
1,31403
1,31406
1,31422
1,31423
1,31429
1,31437
1,31438
1,31440
1,31443
1,31446
1,31448
1,31450
1,31463
1,31465
1,31470
1,31471
1,31478
1,31483
1,31484
1,31488
1,31489
1,31490
1,31496
1,31500
1,31502
1,31505
1,31515
1,31517
1,31520
1,31521
1,31525
1,31526
1,31529
1,31531
1,31533
1,31535
1,31541
1,31544
1,31546
1,31548
1,31554
1,31559
1,31566
1,31576
1,31590
1,31591
1,31592
1,31602
1,31603
1,31614
1,31615
1,31620
1,31621
1,31623
1,31624
1,31636
1,31637
1,31642
1,31646
1,31650
1,31652
1,31655
1,31667
1,31674
1,31675
1,31684
1,31685
1,31691
1,31700
1,31702
1,31706
1,31709
1,31710
1,31715
1,31720
1,31726
1,31728
1,31733
1,31735
1,31739
1,31740
1,31742
1,31745
1,31746
1,31749
1,31751
1,31756
1,31758
1,31759
1,31766
1,31767
1,31768
1,31769
1,31770
1,31773
1,31774
1,31778
1,31785
1,31789
1,31795
1,31796
1,31799
1,31803
1,31805
1,31807
1,31815
1,31816
1,31817
1,31819
1,31823
1,31832
1,31834
1,31837
1,31841
1,31852
1,31856
1,31858
1,31862
1,31874
1,31875
1,31878
1,31879
1,31885
1,31887
1,31889
1,31890
1,31904
1,31910
1,31922
1,31924
1,31925
1,31927
1,31933
1,31935
1,31938
1,31940
1,31944
1,31950
1,31952
1,31967
1,31970
1,31987
1,31995
1,31999
1,32001
1,32004
1,32011
1,32024
1,32025
1,32028
1,32030
1,32031
1,32035
1,32036
1,32037
1,32040
1,32042
1,32051
1,32053
1,32058
1,32059
1,32060
1,32062
1,32065
1,32070
1,32071
1,32073
1,32085
1,32087
1,32096
1,32098
1,32099
1,32106
1,32118
1,32119
1,32129
1,32130
1,32141
1,32143
1,32144
1,32155
1,32157
1,32158
1,32161
1,32163
1,32164
1,32167
1,32171
1,32172
1,32179
1,32183
1,32185
1,32192
1,32196
1,32215
1,32224
1,32226
1,32231
1,32236
1,32239
1,32241
1,32245
1,32247
1,32248
1,32249
1,32255
1,32259
1,32264
1,32265
1,32266
1,32271
1,32272
1,32278
1,32279
1,32295
1,32300
1,32301
1,32312
1,32316
1,32320
1,32329
1,32336
1,32337
1,32338
1,32342
1,32348
1,32350
1,32353
1,32357
1,32360
1,32363
1,32370
1,32372
1,32374
1,32380
1,32381
1,32382
1,32397
1,32399
1,32400
1,32404
1,32406
1,32409
1,32418
1,32419
1,32426
1,32430
1,32431
1,32433
1,32437
1,32439
1,32447
1,32451
1,32457
1,32460
1,32466
1,32468
1,32469
1,32471
1,32476
1,32477
1,32480
1,32481
1,32505
1,32511
1,32516
1,32518
1,32524
1,32525
1,32526
1,32531
1,32532
1,32533
1,32537
1,32538
1,32542
1,32544
1,32552
1,32554
1,32555
1,32559
1,32561
